ticket_id,customer_id,issue_type,severity,created_at
adb0f5de-890f-440f-adc9-ef732af177dd,CUST1000,Fraud Concern,High,2025-05-12
9da9815d-e03e-49f7-b082-603a2390081c,CUST1000,Loan Query,Low,2025-04-22
eefd73f0-b9ec-4877-abb9-be93426f7f1c,CUST1000,Loan Query,Low,2025-04-15
c5ac971d-2a67-42a6-b36d-07e2e395c795,CUST1001,Payment Failure,Medium,2025-02-10
0817efb9-1a16-489e-8cc1-a3bba3f31065,CUST1001,Login Issue,Medium,2025-05-29
815c991f-0c16-4783-829e-e3a22d1dc437,CUST1001,Fraud Concern,Medium,2025-07-03
fbf1d1f0-1726-4126-856f-2db96ca6cb4d,CUST1002,Login Issue,Medium,2025-05-21
aae96871-0acd-4591-8917-2aafc56508c1,CUST1002,Loan Query,Medium,2025-09-29
d61b36d8-e038-46b5-8e0f-5c7b98661d0a,CUST1002,Loan Query,High,2025-02-04
e391d67e-63bf-415b-8ad3-2aabecc0989c,CUST1003,Login Issue,Medium,2025-05-02
69714add-3652-41d1-8d64-37260396edfc,CUST1004,Loan Query,Low,2025-07-25
e40f2845-a652-407e-928a-3f309543cfd8,CUST1004,Fraud Concern,High,2025-02-09
5458d4e5-6ee2-4ecb-b945-cad304642641,CUST1004,Fraud Concern,Low,2025-08-02
e9329b87-7786-405c-912f-e46b43db99ed,CUST1005,Fraud Concern,High,2025-01-03
54092e76-a278-488c-922c-64889c8c81b9,CUST1005,Login Issue,High,2025-10-03
46ea04d0-bf47-4e02-8123-08a0751cb374,CUST1007,Loan Query,Medium,2025-09-07
b89aa792-1559-46da-b39c-ccdd7b60ccd0,CUST1007,Payment Failure,Low,2024-12-25
704b19e3-4c41-4a77-9020-58d16551f2e2,CUST1008,Loan Query,High,2025-04-06
4f87196f-6d43-491a-afc6-82329fd4fb98,CUST1009,Payment Failure,Medium,2025-01-18
c089351f-6c26-4af2-ac20-c7a89c4e022a,CUST1009,Payment Failure,High,2025-04-21
854b2c90-063c-4310-b0ec-0e7c922e108a,CUST1010,Payment Failure,Medium,2025-10-07
8714debf-1821-487c-83db-285c5a984176,CUST1011,Fraud Concern,Low,2025-09-16
d9e1d61c-219d-438b-ad08-8cf1792ec3b9,CUST1012,Fraud Concern,Medium,2025-06-26
d8b6e78b-76c0-48b1-b7fc-0ea57dfd6bea,CUST1013,Payment Failure,Medium,2025-03-07
21132a32-4a86-4d99-a6ec-7908fc748564,CUST1013,Fraud Concern,High,2025-02-09
7092d7ed-b7fc-495f-b6f8-d878009d0b99,CUST1013,Loan Query,Medium,2025-02-26
6705d133-e677-465b-8a59-cb363e529bca,CUST1014,Fraud Concern,High,2025-06-24
7bd32a0d-ffb2-47f5-bf31-0011d648c05f,CUST1014,Login Issue,Low,2025-08-18
931d16f2-56f1-48cb-8612-8370edc9768e,CUST1014,Login Issue,Medium,2025-02-06
99c0c6e0-7279-4ccf-a2c4-4c50ed31f68b,CUST1015,Payment Failure,Medium,2025-04-08
50b5f267-d263-48c3-a7c3-176a27c50b98,CUST1017,Fraud Concern,Low,2025-03-15
45de0db8-ece1-48c4-ba37-bcab2c5d496b,CUST1018,Payment Failure,Low,2025-02-09
b0bf6ecf-41c2-4ff7-b907-96431833e71a,CUST1019,Fraud Concern,Medium,2025-09-06
bd55954a-4f47-41be-a4a1-9542ef7a40be,CUST1019,Login Issue,High,2025-07-30
f34155cb-5bf9-4cb7-b241-8597c31eb942,CUST1024,Fraud Concern,Medium,2025-05-12
499bd540-3f9b-4d05-b1a3-540d4cddfee2,CUST1024,Fraud Concern,Medium,2025-01-01
71f8fb79-42d5-4a98-8ea7-c21800deb72a,CUST1026,Login Issue,Medium,2025-10-22
2d654f14-c717-459a-8428-72131824b04f,CUST1026,Payment Failure,Low,2025-04-05
51b53bc9-0bfe-4b95-9a38-23af39969ffa,CUST1026,Loan Query,Medium,2025-05-29
29e29814-8b3b-4559-8d9b-e822af8237a3,CUST1027,Login Issue,Low,2025-11-29
7a2ee09b-b69b-4139-984b-c2929c493a65,CUST1027,Payment Failure,Low,2024-12-02
1355ca0a-ba95-4c54-b09c-f9973b1d7dd4,CUST1027,Payment Failure,Low,2025-11-22
96ecde19-9cb1-43fe-803d-66d0387eb944,CUST1028,Login Issue,Low,2025-11-30
9890cae1-63e7-4eec-9ab4-c1342b1c0501,CUST1028,Payment Failure,High,2025-09-01
f20944b8-4529-4075-b2d6-09eea7dc4882,CUST1030,Login Issue,Low,2025-10-30
511a062a-143b-4af2-8d64-97c431bc479e,CUST1032,Login Issue,Low,2025-10-06
3be8f4f3-7309-445d-a757-c2f63810ee65,CUST1032,Fraud Concern,Medium,2025-11-15
3156ee68-1612-46bf-8a6b-ba978fe64a97,CUST1034,Payment Failure,Low,2025-09-01
5f502f98-a458-4ea0-8903-ddcfdcabbe45,CUST1034,Login Issue,Low,2025-11-07
c674d4ea-ee22-4a2a-98d6-563d1f018df7,CUST1035,Login Issue,Low,2025-05-23
e060e3cb-fe4c-4d73-93d8-df5c95088aa6,CUST1035,Fraud Concern,High,2025-06-07
4186ffda-17ed-4d58-9834-0fe5469eec25,CUST1036,Payment Failure,Medium,2025-03-02
c9a2cce8-3067-4301-8197-746162a88878,CUST1036,Loan Query,Medium,2025-06-20
bf13de18-ea19-4a4e-89a5-bd102bb27cac,CUST1037,Payment Failure,High,2025-08-23
f9fcffdf-2617-417d-b69e-87912a4a0678,CUST1037,Login Issue,Low,2025-08-24
8e5ed637-b5df-40eb-a6a0-74df60e7f586,CUST1037,Fraud Concern,Medium,2025-02-03
bd9c0d6f-55b3-4d0c-a385-12c821adb289,CUST1038,Loan Query,Low,2025-07-01
7c32fb45-c649-49ce-992f-4de4326c2f9e,CUST1039,Login Issue,High,2024-12-10
908f9b7b-e62d-4147-9251-dbd8d188bb71,CUST1039,Payment Failure,High,2025-07-14
e6081ce4-bd20-4bbc-9e8e-8d5cc3a7da8e,CUST1041,Fraud Concern,Low,2025-01-16
e8411262-2cd5-4715-97d8-2721254eba3d,CUST1041,Fraud Concern,Low,2025-09-29
93364733-4d6f-4ac1-9584-28d181755b33,CUST1043,Fraud Concern,High,2025-04-15
e4318b1f-07b3-4bf5-bce0-bcd214e16121,CUST1043,Login Issue,Low,2025-10-15
82566286-e537-43e1-997f-2a03cc618753,CUST1043,Login Issue,Medium,2025-09-23
9bb10a74-1ade-41e2-a725-101d34083572,CUST1044,Payment Failure,Medium,2025-06-29
9b318c85-d3c8-45fc-9e2a-cc9ea88dafb0,CUST1044,Loan Query,High,2025-10-18
25ba07f6-11d4-4703-aebf-de480a09f8d2,CUST1045,Fraud Concern,Medium,2025-04-15
94a37eac-43b5-4995-96d2-708c70393b9d,CUST1045,Login Issue,High,2025-11-09
5bff4b0f-601e-4311-a3fc-790c3e136326,CUST1046,Fraud Concern,High,2025-02-20
cd9bbbea-8594-41b4-8ac8-1ad62551f093,CUST1046,Fraud Concern,High,2025-09-24
7adb7bb8-2ba9-4d3b-a233-6d7e57f89390,CUST1046,Fraud Concern,High,2025-04-27
e20d6fbe-7250-4f99-8d24-27ccacda8fd5,CUST1047,Payment Failure,Low,2025-05-29
bce64592-a9b3-4baf-be48-de7d71b22368,CUST1048,Loan Query,High,2025-02-21
b637a097-d225-4c48-a99f-5e28363613aa,CUST1049,Loan Query,High,2025-08-16
71842373-66ef-431a-8bf8-c3cff6e1fbe5,CUST1049,Fraud Concern,Low,2025-06-03
53434200-7897-4a44-8608-81407e740546,CUST1049,Loan Query,Low,2025-11-12
7a40490b-ac83-4a71-9b9e-9bbbee1e5bc0,CUST1050,Payment Failure,High,2025-07-11
b7ad1a6d-47d9-442e-9b48-72eb78edfce3,CUST1050,Loan Query,Low,2025-08-05
defd44ff-6cc5-481d-b39b-b4a4f6ed7569,CUST1050,Fraud Concern,Medium,2025-04-22
82205cf0-6b21-42dc-a355-f41a6b5ea921,CUST1051,Fraud Concern,Medium,2025-11-11
9192821d-351e-4fe5-982f-8de8c2648df6,CUST1051,Login Issue,High,2025-05-06
be6924a4-91b7-4f9e-a620-f02bf7ecb14c,CUST1052,Fraud Concern,High,2025-07-29
4498188c-f7b4-49c9-853e-80fcd4143979,CUST1052,Fraud Concern,Low,2025-03-20
9eb2518c-1e3f-4624-9275-af4d6a79d64d,CUST1053,Loan Query,High,2025-08-25
7349c57e-0bd9-411f-999a-167236a198f0,CUST1053,Loan Query,Low,2025-08-28
42eaedc0-2836-41e0-9824-4b69b2f478ce,CUST1054,Login Issue,High,2025-07-23
0466ab31-6daf-4199-b193-62f3233d6a5e,CUST1055,Fraud Concern,High,2025-01-27
1305835f-a38a-4ccc-bacd-ca72554fd47f,CUST1055,Payment Failure,Low,2025-04-27
fc964821-ace2-4b49-ade4-26a68bdf88d5,CUST1057,Payment Failure,Low,2025-04-04
d7f9fb06-c0b1-4107-9645-a3fcbaccfd92,CUST1057,Fraud Concern,Medium,2025-07-10
b1116abb-7796-42cc-a899-e690c5a38da5,CUST1058,Fraud Concern,Low,2025-11-10
cd8d3e09-fd23-49ac-93d9-8e2cc8b1a438,CUST1058,Loan Query,High,2025-11-22
7ad8acb7-b128-4937-88cb-47e4cd8c2841,CUST1059,Loan Query,Low,2025-02-12
84925a80-a754-424a-9402-808ae206779d,CUST1060,Login Issue,High,2025-06-22
a1f965af-1e38-4b3e-ab8d-38641fb523a8,CUST1060,Loan Query,High,2025-05-16
f7db4d19-1cbe-4bec-951e-052732145b1c,CUST1060,Fraud Concern,Medium,2025-10-12
914c64d7-d3cf-4d6d-a9fd-47b78874c3a3,CUST1061,Fraud Concern,High,2025-07-13
9fb07a9f-3444-4845-bd4a-46145cdea0e5,CUST1061,Fraud Concern,High,2025-10-07
c46ed997-0af6-4488-b3fe-e18bbaec9285,CUST1063,Login Issue,High,2025-06-26
aaac6d0c-69a9-4b4e-b548-54f1df13f8f8,CUST1063,Loan Query,Medium,2025-04-12
270d4581-68ba-4961-b3d2-ef29fd1e3564,CUST1064,Loan Query,High,2025-11-23
4736dcc4-ca1e-43db-9e4a-a0aff57ae49d,CUST1064,Fraud Concern,Medium,2025-02-28
0cd17e8d-f694-4d21-998a-ad126b5d4783,CUST1067,Payment Failure,Medium,2025-02-24
5cc29b40-91ea-42db-83fe-4b5e44fe36ae,CUST1067,Login Issue,Medium,2025-04-25
3a1d6525-cc2f-41b7-906c-dc9c56c960e1,CUST1067,Login Issue,Medium,2025-09-28
27c3c025-a555-4346-888a-1e7fa2ace418,CUST1068,Payment Failure,Medium,2025-09-29
772d8c5f-1828-4dcd-affe-b603cc59b314,CUST1068,Login Issue,Low,2025-05-13
108a816a-06ed-46f5-9966-eb2919fe757d,CUST1070,Fraud Concern,Medium,2025-05-12
03d3265a-d653-47dd-bcee-cd9f60ea9fd2,CUST1070,Login Issue,Medium,2025-10-06
924bad17-4ab2-4ccd-bf2f-bdcd3a915d4e,CUST1072,Login Issue,High,2025-09-07
14e3fa51-be51-4f70-9591-b2e08a49f059,CUST1072,Login Issue,Low,2025-08-17
6d96b526-c241-4513-a69a-a13aac103938,CUST1072,Loan Query,High,2025-11-30
f3a75b01-7a06-4b9e-b5a3-70dbf3d8a398,CUST1074,Fraud Concern,Low,2025-11-06
0f7b3367-ff41-40d1-b840-276904af3d9c,CUST1075,Fraud Concern,High,2025-06-06
dd1b022c-15d5-4a7a-93d1-7305684446d6,CUST1075,Login Issue,High,2025-04-23
986a339c-aa95-4b89-9960-f1b726892be5,CUST1075,Loan Query,Low,2025-06-24
4f0a5619-e622-4adc-a7fe-82c2d4994ae4,CUST1076,Payment Failure,High,2025-03-19
e8afe408-25ed-4a04-8c90-9500718fde48,CUST1076,Payment Failure,High,2025-11-19
a7a9c147-e604-4620-b1e2-fdbba768f967,CUST1077,Login Issue,Low,2025-06-06
79cd2adc-5825-44f0-b578-a9e645be8e9b,CUST1077,Payment Failure,High,2025-02-03
e3ed561b-8897-4a7a-8da2-576120b01cbc,CUST1077,Fraud Concern,Medium,2025-02-24
433652f4-f16a-4508-8cf6-00c0f9f2f02d,CUST1078,Payment Failure,Medium,2025-09-25
44e3d05e-f801-4f6c-b976-85a6a08960cb,CUST1078,Fraud Concern,Medium,2025-04-30
551d7ce6-7d5d-4c5c-9d3d-5d8c43e6f508,CUST1078,Payment Failure,High,2025-02-25
8b7e0f32-b251-4540-99a8-6d06a193db4c,CUST1079,Payment Failure,Low,2025-01-06
8988d504-1b4b-4980-8201-24c6adeec4d5,CUST1080,Login Issue,High,2025-06-20
42038168-5861-4fa7-b45d-a8d9fc1be24f,CUST1080,Loan Query,Medium,2025-07-05
0c189c5c-0db6-4ee2-be2a-6c3aaa39e04b,CUST1080,Loan Query,High,2025-07-24
64334bd7-d4d7-455f-8725-983590c6f064,CUST1081,Login Issue,Low,2025-10-12
99259021-8279-4c18-a737-eb38f498370a,CUST1081,Login Issue,Medium,2025-11-03
67d54f07-4a24-464e-97a6-03941d45e1ac,CUST1082,Login Issue,Medium,2025-07-03
3efb1346-db74-47bc-938f-31e030269117,CUST1083,Loan Query,Low,2025-05-24
1687f71c-d3ae-45b3-b059-45f9ebb00e3b,CUST1083,Fraud Concern,Medium,2025-09-23
e8050b27-2936-4219-a2d3-a6dcf9a3dca0,CUST1083,Payment Failure,Medium,2025-08-21
a23866dd-c77c-455e-8ad9-cc1369c20bbb,CUST1084,Payment Failure,Medium,2025-01-26
519e6a63-49a5-4712-8d2a-f4335f133211,CUST1086,Login Issue,Medium,2025-01-30
ad45e5fb-828e-42b0-9674-6b00387298dd,CUST1086,Loan Query,High,2025-05-31
1a2dfde3-9b89-42d4-80c0-19cec0b430a3,CUST1087,Payment Failure,Low,2025-07-24
94076dd9-c543-4e95-866b-a59fc17edcbc,CUST1087,Fraud Concern,Medium,2025-04-20
13f28f57-802d-40d6-ac9a-0a8f31ea1910,CUST1088,Loan Query,High,2024-12-13
b4a5d678-cb85-4031-8292-db0a3d0824d3,CUST1088,Fraud Concern,High,2025-07-10
024b0972-e5ff-4727-9c8e-bae15bc5dffe,CUST1088,Login Issue,High,2025-10-28
44c7aa17-e1a8-4a10-ae51-3136848c42f2,CUST1089,Login Issue,High,2025-11-13
6eb3c3e3-5a4e-44a9-b999-6c4b1d040157,CUST1090,Login Issue,Low,2025-06-12
44db87e3-d806-4490-bafd-7b610df06eda,CUST1090,Login Issue,High,2025-11-18
e612b287-f3f7-47a3-b851-081557bf00d3,CUST1090,Loan Query,Medium,2025-08-21
590fc5c2-64d2-440f-94ad-4c17aaf229bd,CUST1091,Fraud Concern,High,2024-12-16
503801cf-d8a5-404a-bbe8-bb1c5c2f136d,CUST1092,Fraud Concern,Low,2025-05-17
b99e601e-5585-4d39-a499-2fb07b305746,CUST1093,Login Issue,Low,2025-08-19
d5ebc185-d17d-4631-9eb7-82e0899176fa,CUST1093,Loan Query,High,2025-03-27
fef9a98e-afdd-4a14-959f-f2053598bc1f,CUST1093,Loan Query,Low,2024-12-29
a2ced7d9-97fd-4d0f-9671-c662db6fdb50,CUST1096,Fraud Concern,High,2024-12-19
695bebd9-b381-4a90-9d78-1b62ace24148,CUST1096,Login Issue,Low,2025-11-01
121d65a9-b529-4377-b0ff-0701c2b1dba7,CUST1096,Fraud Concern,Medium,2025-07-16
217cd25b-febd-4fe2-b85e-a57d656529ac,CUST1097,Fraud Concern,Medium,2025-08-03
01c9341c-124e-4006-aa7e-4fcbec4bf476,CUST1097,Login Issue,High,2025-10-21
a4c8188a-d552-431d-afda-7ebe1fa7b8f7,CUST1097,Loan Query,Low,2025-07-30
a9141c02-94f5-4fa7-ac77-dda8761a9c54,CUST1098,Loan Query,High,2025-10-14
aa5f23de-25b4-454c-819b-61a916f58eeb,CUST1098,Fraud Concern,Medium,2025-03-01
d5c589e2-309c-49c8-9ea6-b20571e28eeb,CUST1099,Payment Failure,Medium,2025-02-25
e13e3ac6-0ff1-49e3-869b-1d856cc544f4,CUST1099,Payment Failure,High,2025-06-17
7dd4acb5-84eb-450a-be39-423b4acfa513,CUST1100,Fraud Concern,Low,2025-06-23
57a2d2fd-f202-40e3-ac01-1e4df6021d09,CUST1100,Payment Failure,Medium,2025-01-14
d34b5989-e080-4aa5-8674-12a1be517835,CUST1100,Payment Failure,Low,2024-12-03
6b1bce4e-0b2e-4c36-93a6-8ee932eea12f,CUST1101,Login Issue,Low,2025-06-20
4e3e6fb5-51b3-4e79-a2a3-79c4236296e4,CUST1101,Login Issue,High,2025-05-26
9c1b133c-86ae-4846-a089-1c76c181e4c8,CUST1101,Login Issue,Low,2025-05-22
32001a82-4556-4fec-b049-178a0021cb23,CUST1104,Login Issue,High,2025-06-29
c33fc484-8ed2-4891-b77a-0ef2f0c31589,CUST1104,Fraud Concern,Low,2024-12-30
db17456e-b9e8-4d8a-9d42-1193826f3d79,CUST1105,Payment Failure,Medium,2025-01-16
f2f6166e-85b0-4103-bc6b-66e99945ba79,CUST1105,Payment Failure,High,2024-12-30
5d245306-2c6e-4ea5-a523-be373667613c,CUST1105,Payment Failure,High,2025-02-16
d8296fe5-99a0-4b14-acdd-91ec41214f0e,CUST1107,Payment Failure,Low,2025-01-18
a83b4c34-031a-44be-9637-53083d13396b,CUST1107,Loan Query,Low,2025-10-25
934a2e56-7616-4438-b026-a60a60771d77,CUST1107,Fraud Concern,Low,2025-07-04
eb2d30df-34bd-4896-8474-05e4c839d700,CUST1108,Fraud Concern,Medium,2025-09-07
aa62e677-e24e-4494-bab1-0dc81dc4865b,CUST1110,Payment Failure,Medium,2025-04-23
2426c0e6-050c-415b-83be-4e93dc989ee0,CUST1111,Loan Query,Low,2025-02-12
abc2d199-3d04-4f8e-a4b6-bfe55ed58bc7,CUST1115,Payment Failure,Low,2025-11-14
0b1a6d3b-b582-4acb-895f-8e913dc3687d,CUST1116,Loan Query,Low,2025-09-20
5719048c-f674-4775-ab8b-b980eabeb172,CUST1116,Login Issue,Low,2025-05-11
13f14f41-8f3e-4dea-a95a-610a75b6838d,CUST1117,Login Issue,High,2024-12-18
e4185d5c-109a-46dc-8933-10c60558a01e,CUST1118,Loan Query,High,2025-09-18
220b84de-79c6-4134-aefb-39be24aa62d8,CUST1118,Fraud Concern,Low,2025-05-22
bdf32c6d-12b7-4242-a8da-b0e8015176c5,CUST1119,Login Issue,Medium,2025-02-02
5d22db8e-a2ba-49aa-8795-719a3ecd1786,CUST1120,Login Issue,High,2025-06-20
936af547-e2f3-45b9-a1e6-f8730462ea31,CUST1120,Fraud Concern,High,2025-09-03
6d94205d-058d-4d9c-8cfa-5ddb40a2245b,CUST1120,Fraud Concern,Low,2025-05-13
3d40b3cb-6da3-4a55-a6c8-68bb553c4b03,CUST1121,Loan Query,Medium,2025-09-05
8a7601f9-2aa0-4188-a46c-105f3e858d76,CUST1121,Login Issue,High,2025-03-29
c2815436-5a5d-40d6-8fea-c1d42cbab3fe,CUST1121,Loan Query,Low,2025-10-22
7990cce9-0cc1-4499-beb5-f7a43156d84a,CUST1122,Login Issue,Medium,2025-02-11
505248f0-3152-4aa5-94a7-9cb46db64bc4,CUST1122,Fraud Concern,High,2025-07-13
f5a135d0-8825-4772-bdbf-48cff8a80a72,CUST1122,Loan Query,Low,2025-08-29
b0719315-0301-4041-bcb8-a68b121256ee,CUST1124,Login Issue,Low,2025-08-26
4265dd1f-8468-4984-b015-bb3578993f57,CUST1124,Login Issue,Low,2025-10-27
3e7763b5-271e-4275-a3a0-2676a6049532,CUST1124,Loan Query,Low,2025-06-24
0dbc781b-4690-4583-85dd-2eaaeef7f13e,CUST1125,Loan Query,Medium,2025-02-18
8be73f15-a4e2-4ef1-af78-014905120558,CUST1125,Payment Failure,Low,2025-10-25
e9f95a60-29dc-462f-92c7-6190b6920349,CUST1126,Fraud Concern,Low,2025-10-25
6f569822-a986-4004-a371-055a0fc9b2c7,CUST1126,Fraud Concern,Medium,2025-05-27
e8228799-7658-405b-b4ba-18ed9e79864b,CUST1126,Loan Query,High,2025-06-23
7b2d1905-d6d1-4b68-83ca-f48be4de8708,CUST1127,Payment Failure,Low,2025-10-30
73dd7144-2978-4cbd-9004-b3dd57ee5729,CUST1127,Fraud Concern,Low,2025-03-21
22f8bba5-94ad-455d-9636-295aaf619ee0,CUST1127,Login Issue,Low,2025-06-28
f34a4d04-e9f0-44d9-ab08-0d77f1c3c1c1,CUST1128,Fraud Concern,High,2024-12-19
ef848ec6-5d31-429e-a851-1660ea0078de,CUST1128,Payment Failure,High,2024-12-04
a904b526-7bda-4b6a-8fce-e619d4c9e837,CUST1128,Loan Query,Medium,2025-06-02
ec2b486f-af77-4b5d-b32c-7735b2ea3623,CUST1129,Payment Failure,High,2025-10-31
48b695a9-4a73-417f-a622-e4b2986517b0,CUST1129,Fraud Concern,Low,2025-03-08
3ce8d707-0faa-4f0f-8453-bf3ee10060de,CUST1132,Loan Query,Low,2025-03-22
f9a022fa-5f36-4014-ba64-37a640d6e6f1,CUST1133,Login Issue,Medium,2025-04-01
9e2a6121-9c17-4788-bfd1-4dc9030bd51b,CUST1133,Fraud Concern,Medium,2025-03-28
9ef81d67-075c-4990-a34a-029318183595,CUST1134,Login Issue,Medium,2025-11-25
12533a0b-8365-4d97-a10c-ebb0003c4e74,CUST1135,Loan Query,Medium,2025-04-16
5aba0a04-f1d8-421e-8ef5-9ea93a6700c1,CUST1135,Login Issue,Low,2024-12-18
170b68dc-148e-46dd-ad70-393800f4bc47,CUST1136,Login Issue,Medium,2025-06-15
f214029a-2264-493e-bf61-d5d086494bc9,CUST1136,Fraud Concern,Low,2025-11-28
7d3c0988-2b91-429d-8754-991e519984e0,CUST1137,Loan Query,Medium,2025-10-08
db47aefc-80d6-40bb-a8ca-ef6ead91939b,CUST1137,Fraud Concern,Low,2025-01-13
048ca3b3-3825-474b-a5de-2fc1402b87ca,CUST1138,Loan Query,Medium,2025-02-28
db46e306-bfa3-4a78-845c-e5ab6565a551,CUST1138,Fraud Concern,Medium,2024-12-22
24367c98-d1ef-440f-afd5-d0def52ba741,CUST1139,Payment Failure,Low,2025-04-11
6f5b4a05-263c-41ed-bc55-f561ce4f50b4,CUST1139,Login Issue,Medium,2025-03-19
dd42687c-1b21-4952-a64a-219363b38983,CUST1140,Fraud Concern,Medium,2024-12-17
57b8c0eb-44f3-424c-98bc-fbc7db48ac51,CUST1140,Fraud Concern,Low,2025-09-08
1d3e24d2-dd3d-4b84-83be-6fd9cf6370c5,CUST1140,Payment Failure,High,2025-08-10
d2906a24-ee70-4b00-923c-548d5b856d76,CUST1141,Fraud Concern,Low,2025-07-11
390255f4-c5ae-414d-ba3a-fe21f5455c2c,CUST1141,Loan Query,Low,2025-08-02
443d761e-70c8-46bf-b758-a687ff477f44,CUST1142,Loan Query,Low,2025-09-21
4c18b35e-5d8f-47be-b5fa-ae3813948810,CUST1142,Payment Failure,High,2025-09-25
f08ca245-4e1d-43c8-be50-54ced9725d16,CUST1142,Login Issue,High,2025-08-21
ce863523-37df-4f57-9559-7e6187329f76,CUST1143,Loan Query,Medium,2025-03-01
45b64167-ef88-4d2b-bbec-3401ed0cd565,CUST1144,Fraud Concern,Low,2025-10-15
225ac5e8-ab35-442a-a1cb-955bb84f6a96,CUST1144,Login Issue,High,2025-11-14
a0147db9-1571-4791-badd-58b1e76543f2,CUST1146,Loan Query,Medium,2025-11-20
77e49e95-47ef-4ef1-8ff0-886bc91ea19f,CUST1146,Login Issue,Low,2025-11-19
54c18dee-532a-4538-b232-191219179894,CUST1146,Login Issue,High,2025-01-09
c685558a-8c6f-4f29-9d3c-aa4446be1db1,CUST1147,Loan Query,High,2025-03-06
2ec33751-fe7c-4abd-aa29-27675ea20828,CUST1147,Login Issue,Medium,2025-01-20
8ab16bc7-1d16-4cb3-9e32-0b68ed1fc4e8,CUST1148,Login Issue,High,2025-07-31
368694ba-d875-479c-b4b7-f5546da8748d,CUST1149,Loan Query,High,2025-06-22
f3464af7-44be-44b5-bfe1-f0e50445de9c,CUST1149,Fraud Concern,Medium,2024-12-27
ea8ffed2-6086-4cf7-bb52-a618e5b88d79,CUST1149,Payment Failure,High,2025-04-30
1a04223a-ad28-4302-88ee-e80b57442ccb,CUST1151,Payment Failure,Low,2025-05-15
88c95f19-b089-4606-8fa5-230d9d41c8dd,CUST1151,Login Issue,High,2025-05-24
c9925fe2-0da7-4cc2-8b92-b5181409914a,CUST1151,Fraud Concern,High,2025-04-21
f0aff55a-cefb-4c7a-bbbc-b3be1f314fb4,CUST1152,Loan Query,High,2025-11-28
7828df89-fe2c-44b0-b6e3-e6961bc5d221,CUST1153,Fraud Concern,Low,2025-01-24
68727aad-8260-42e8-b947-379d74306466,CUST1153,Login Issue,Low,2025-11-22
372d9159-7684-431d-b3c6-260839f5c7ac,CUST1154,Payment Failure,High,2025-08-17
979a1830-ab54-46ad-b659-8c4e13bc8536,CUST1155,Login Issue,High,2025-09-10
81f3bcc6-4924-4659-b2ee-9820437c0601,CUST1155,Fraud Concern,Low,2024-12-14
e927b763-ab48-47f1-9cb1-1a46dfa2ebef,CUST1155,Payment Failure,High,2025-03-11
c6e1530b-afc6-47b9-a104-f0f7b5397bd2,CUST1156,Payment Failure,Low,2025-05-28
bb2b39c3-086c-4ad3-bb19-385160d6b4b5,CUST1156,Payment Failure,High,2025-10-28
9bb20d73-03d7-4a75-bea0-c51d78d2ddda,CUST1157,Payment Failure,Low,2024-12-19
a6ad0010-8706-40c0-a1a3-dc6fdf4ace52,CUST1158,Fraud Concern,High,2025-04-26
705c13a6-32de-4807-b7cb-33baad89fa68,CUST1158,Payment Failure,High,2025-08-20
23b78468-5cef-4d2a-ab92-b0215a73eff3,CUST1161,Loan Query,Medium,2025-11-25
1f4d073c-6ad7-48ae-b365-70440a4eef7a,CUST1163,Login Issue,Medium,2025-10-07
08fa2ad9-8aa1-48ca-b1ac-12f5e8dd983f,CUST1163,Fraud Concern,Low,2025-03-12
4faffad1-2b29-4014-af7b-dc21505ac30b,CUST1164,Loan Query,Low,2024-12-25
be14f7e1-8f2a-4503-91b8-d23e69200b6b,CUST1166,Login Issue,High,2025-10-02
1d01c9c2-f83d-438a-a50e-48b37ec2f355,CUST1166,Loan Query,Low,2025-05-23
33801755-53b3-491b-b8f7-2a2eff5ebd72,CUST1167,Loan Query,Low,2025-01-16
8e772669-2183-42d5-9611-bdf3931860ae,CUST1168,Fraud Concern,High,2025-01-04
1ae7c2c1-bbbb-4528-8398-2bf11252a2b7,CUST1168,Payment Failure,Medium,2024-12-23
67348965-503d-4d8f-b0cf-d11028712847,CUST1168,Fraud Concern,High,2024-12-17
5a99927c-01d6-4135-923e-b295865ac683,CUST1169,Loan Query,Medium,2025-07-03
4057178a-ce4a-42d2-ac16-099a0c88946a,CUST1169,Login Issue,Low,2025-03-21
1a83f7a4-e20c-4198-81a0-e11c00f77477,CUST1169,Payment Failure,Medium,2024-12-29
868ff47d-53f7-4bc8-ac4e-341b13837614,CUST1170,Login Issue,Medium,2025-09-09
fcde1524-ab67-4768-998c-f1f22ff5d903,CUST1172,Payment Failure,Medium,2025-10-28
93ec1445-d3da-4adf-a338-cf9681c5bc15,CUST1172,Loan Query,High,2024-12-17
e3e2ac86-9122-4155-b2e6-cf028619ee8e,CUST1173,Loan Query,Low,2025-11-06
408b5698-ff8c-41f6-9dd4-a05ccf0fa18e,CUST1173,Loan Query,High,2024-12-15
92872e0d-1118-4c76-bc11-ae5dc5d42640,CUST1173,Fraud Concern,Low,2025-03-16
d1b527e8-d915-4909-9140-348d96de49b3,CUST1174,Login Issue,Medium,2025-11-05
9e3da89b-9f14-4b9b-9690-9bbf9a9bef53,CUST1174,Fraud Concern,Low,2025-03-31
edc05777-9109-41d5-9132-a19a97918c48,CUST1174,Payment Failure,Low,2025-04-17
4319aba6-7146-47fd-b533-314ddfda9dcc,CUST1175,Fraud Concern,Medium,2025-02-14
59f93442-5890-4058-9f18-b3ad909eeb30,CUST1175,Payment Failure,High,2025-11-13
9a66acec-a631-4b74-8690-de4696bb6964,CUST1176,Payment Failure,Medium,2024-12-13
d00b08a4-a145-4a1f-98dd-e3113b8790ef,CUST1176,Login Issue,High,2024-12-18
1c8fc283-1b36-497f-8167-74e5c821e9db,CUST1177,Payment Failure,High,2025-07-29
7642b073-f9f9-41e6-989c-b3654743fe8d,CUST1178,Fraud Concern,Low,2025-09-02
fc6c8978-f450-492c-9ccd-5a363173ec4c,CUST1180,Login Issue,High,2025-07-22
70382b2f-b1d8-4f1a-9619-42a33f0440d9,CUST1180,Payment Failure,Low,2025-03-16
5ee5013f-c5c8-46cc-a984-4fc54b2f7e66,CUST1180,Login Issue,Low,2025-01-04
6bb5d5fc-23bc-4639-abc9-6b5762806b58,CUST1181,Fraud Concern,Low,2025-09-26
f98aabe5-c672-43b6-9dda-894671313e6f,CUST1183,Login Issue,Low,2025-03-30
73a4884e-f1dc-4413-b21b-a6baef6a4063,CUST1184,Login Issue,Low,2025-09-28
d9c463e4-03bd-40c5-9f02-6845172036df,CUST1184,Loan Query,Medium,2025-02-21
7cfa4976-a036-4e12-a69a-848972bc5655,CUST1184,Payment Failure,High,2025-10-26
85d0dc4a-4bdd-4e1b-b4f4-fd764ceee86f,CUST1185,Payment Failure,High,2025-06-11
409871f3-dc5b-455d-bd65-0d1dd8fb25e4,CUST1185,Fraud Concern,Medium,2025-08-23
c0c75f31-2a48-4d9b-b17a-51ef773f7d08,CUST1186,Payment Failure,Medium,2025-08-08
332c870b-6ace-44c5-a221-d0e11702067f,CUST1186,Fraud Concern,High,2025-08-26
b9c9a791-9202-43da-8d03-3e4438ad68e9,CUST1187,Login Issue,Low,2025-05-29
e891cf4a-295a-4aa2-bc74-f06a50d660f1,CUST1188,Loan Query,High,2025-11-25
f8312afa-e1fb-4100-8c0b-093ffc4be400,CUST1191,Payment Failure,Medium,2025-08-13
564ed0d3-16d9-4215-9aa3-285ecaaac5b8,CUST1191,Loan Query,Medium,2025-09-06
044980d3-8e69-4211-9c31-9220f0125091,CUST1193,Fraud Concern,Low,2025-04-27
49b89b0b-20e5-4417-ba96-620665283bc5,CUST1193,Login Issue,Low,2025-03-30
7fb7f9ac-3a65-4d38-a152-a3d2cd8f67d5,CUST1194,Payment Failure,Medium,2025-04-22
da7f5424-6041-4d24-98e3-bdac299ce662,CUST1194,Loan Query,Low,2025-08-24
e438709b-fe26-433d-aacb-ac44c34c6fc5,CUST1194,Fraud Concern,High,2025-08-14
385e473e-9ae4-4df7-86f3-9e1868780b34,CUST1195,Loan Query,Medium,2025-06-28
2690bd33-ad89-4aaf-b195-a4bebc8a2a60,CUST1195,Login Issue,Low,2025-09-22
6f7c0f73-9325-4eb1-990f-f921f0e8b518,CUST1195,Loan Query,Low,2025-08-31
d36dd715-f467-4698-9637-844215aacb65,CUST1197,Login Issue,Medium,2025-08-31
08f1747f-1cea-48bf-8bb4-8ae23b75a799,CUST1197,Payment Failure,Low,2025-03-11
cbc1f237-022a-4bdb-962b-dffd6dba445c,CUST1198,Loan Query,Medium,2025-09-10
e01a6d3f-019e-409b-8fec-d8e8d1ea22be,CUST1198,Fraud Concern,High,2025-08-06
423e6ff1-a7e8-491b-bb07-3772a6687e38,CUST1199,Loan Query,High,2025-08-18
c223c27c-4425-4fbb-8a52-d225359962f0,CUST1199,Login Issue,Low,2025-02-20
071947be-245a-4a8b-a248-f4fd57e845b9,CUST1200,Loan Query,Low,2025-02-22
fe84b29c-1187-430a-8f05-be02ac35df52,CUST1200,Fraud Concern,Low,2025-06-01
c98f23f1-4b91-4b87-b445-e82e62097dfa,CUST1201,Payment Failure,High,2025-06-12
04694dba-8512-48db-a2ee-9bcb2327ea6c,CUST1201,Login Issue,Low,2025-10-05
1a0c6b9a-e229-48cf-b3fe-b13a7a464cd5,CUST1203,Fraud Concern,High,2025-07-08
5700396f-d482-4b2e-baf8-ff01769be620,CUST1203,Login Issue,Medium,2025-08-18
2814e99a-1f87-4e5c-b826-addd0ee844b8,CUST1203,Fraud Concern,High,2025-03-02
a879c8a7-5ac2-4441-bdd8-f8a65bc1c7c9,CUST1204,Login Issue,Low,2025-10-13
0d35ae19-b7b3-4a4a-a9c1-85a32132fb29,CUST1204,Loan Query,Medium,2024-12-08
d5fb9de0-cd1b-44f8-a11c-7722e6ac5b62,CUST1204,Loan Query,Low,2025-10-08
a139b936-d1c4-4a23-9588-bd21147d7e2f,CUST1206,Fraud Concern,High,2025-10-04
9bfa60e2-11da-4ed7-9810-ba9b112ec355,CUST1206,Login Issue,Low,2025-10-24
984050d9-79f9-4f26-9eac-ef38b02ff6b7,CUST1206,Loan Query,Low,2025-04-22
4a65ffa4-1c90-4175-8e59-76f56076ebce,CUST1207,Payment Failure,High,2025-09-03
42407848-908d-48ca-86e1-80d3cc418b48,CUST1207,Fraud Concern,Low,2025-08-03
26fe7755-0b4e-4701-b3b3-e73a0902f85b,CUST1207,Fraud Concern,Medium,2025-07-04
da66395f-cb0f-4d01-a1d3-5586d6d9c0ec,CUST1208,Fraud Concern,Medium,2025-05-31
05d0ee7d-e903-4b1a-bc6a-d6dbdfc256da,CUST1208,Payment Failure,Low,2025-03-05
6bbac9d7-6e4d-41b7-8a23-75c9351f4350,CUST1210,Loan Query,Low,2025-04-21
2d438a91-b321-4c6e-8331-52a00ed01699,CUST1210,Login Issue,Low,2025-06-17
59b7dac4-e25b-4f18-878b-a9a999650dd9,CUST1211,Fraud Concern,Low,2025-08-27
b586f2f3-b652-4ab1-8e1f-d32a7b225c69,CUST1211,Fraud Concern,Low,2025-10-25
8d01a7af-98af-4d86-916c-c0a6ecc7fc4f,CUST1213,Loan Query,Medium,2025-10-23
7b6f2015-5ac6-4a9d-8e2e-ff031d044625,CUST1213,Payment Failure,Medium,2025-01-02
492f667a-68f5-4c6c-90e7-3738c57698f4,CUST1213,Login Issue,High,2025-09-04
b5184050-0921-4693-8640-7e8f68d2f4fa,CUST1214,Payment Failure,Low,2025-10-21
953d9d89-98bd-4d34-96e1-0e79a2090f9c,CUST1214,Login Issue,High,2025-09-05
eab1a3ad-6537-4393-9328-774bdfe03b23,CUST1217,Payment Failure,Low,2025-04-24
32ad0fea-c5b6-4994-973f-8f2ba4b781aa,CUST1217,Login Issue,Low,2025-04-14
ac1db82b-de6c-494c-8ff7-2e6b9a086e04,CUST1218,Fraud Concern,High,2025-08-14
976177de-0106-4ac7-9c7c-84c92337b423,CUST1218,Fraud Concern,Low,2025-04-15
31eb17a3-252b-4600-b43b-ac74dd6dbc83,CUST1218,Fraud Concern,Low,2025-11-14
796abd66-3b82-430b-bfb6-402fbb01fd31,CUST1219,Loan Query,Low,2025-05-30
ad47159a-55dd-4c76-9c78-69f11b1cadc0,CUST1219,Payment Failure,Low,2025-08-08
91cd0b26-8098-4e11-a159-1a37017fa4f8,CUST1220,Login Issue,High,2025-07-21
472a8e93-6173-4e5e-81bd-7b7b4e69f328,CUST1220,Fraud Concern,High,2024-12-26
30e96c5d-5a7f-46dd-9f7e-0adafeb639cd,CUST1220,Fraud Concern,Low,2025-02-08
29a7f096-a689-4f40-aa2a-0de734495071,CUST1221,Fraud Concern,High,2025-03-09
670f7221-dffd-4bb1-a350-eaf0d762bef0,CUST1222,Loan Query,High,2025-05-26
8297a0d3-ac68-4ee0-8064-c31d7efbdd55,CUST1225,Fraud Concern,Medium,2025-08-19
05e88ae4-3e04-4621-a738-ad74f2fa9f4b,CUST1225,Login Issue,Low,2025-03-25
9e836643-b000-431e-8a92-9b62ed0dcc5b,CUST1225,Fraud Concern,Low,2025-06-19
7013f1a0-0999-4ca3-92d6-e3fafed252b7,CUST1226,Payment Failure,Low,2024-12-06
ad9e9237-291f-4b1b-b60a-35cabb487295,CUST1226,Fraud Concern,High,2025-09-27
8f031c43-e67f-44c1-85b6-bc0508c4561a,CUST1227,Payment Failure,Low,2025-04-26
8bf6b5fc-43c2-40c9-91da-e43ec68b7567,CUST1227,Loan Query,Medium,2025-04-26
cf31edce-dd5c-44a9-859e-502f33cb73e2,CUST1228,Loan Query,Low,2025-06-10
561e59a4-8714-41d8-b732-0413ea0cce29,CUST1228,Login Issue,Low,2025-05-20
b878d6d8-ae68-48a6-8e84-88db771e7f5c,CUST1229,Loan Query,High,2025-07-08
42a7cc6a-aefa-43ad-8a70-64b4e330ea2b,CUST1230,Login Issue,High,2025-07-24
cf5f536f-6116-488a-85ec-61e8cac96a60,CUST1230,Fraud Concern,Low,2025-03-16
ab301377-b34a-4b2b-ac9f-abef7b202891,CUST1231,Fraud Concern,Medium,2025-07-11
c168bf96-a58f-476d-b0fa-8cadd467fe7c,CUST1231,Fraud Concern,Low,2025-10-04
59d36548-8033-4490-af30-3ce7d943be9e,CUST1231,Login Issue,High,2025-02-01
4d75b475-6126-41ab-8647-c1fcff5850b2,CUST1232,Loan Query,High,2025-05-30
d1bf51b9-83dd-4127-b418-4822079240f6,CUST1232,Loan Query,High,2024-12-29
a09bd8a6-4b16-4f47-ae28-593acf272f70,CUST1232,Login Issue,Low,2025-01-29
8fc88629-7852-45ac-b783-45c695b82631,CUST1233,Payment Failure,Medium,2025-06-04
2b07f0f6-1a08-45c2-a14f-9cf7325fae69,CUST1233,Fraud Concern,Low,2025-05-17
f2289f8c-c743-4def-b7e5-874ee1660b86,CUST1234,Login Issue,Low,2025-08-02
67496aad-6342-4ca7-82f2-82cea098f5c5,CUST1236,Loan Query,Medium,2025-11-26
5b9cff2f-7f1a-43bf-b49a-4ef983cde91e,CUST1237,Payment Failure,Medium,2025-08-08
d687a769-41b0-40f1-95e1-be79fadbebee,CUST1240,Fraud Concern,Medium,2025-02-26
17c211c4-afb7-49e4-bf6e-2ddd8fdf795d,CUST1240,Loan Query,Medium,2025-05-16
93c5b8bb-a5b8-4b85-b143-6933e21beefa,CUST1240,Loan Query,High,2025-01-09
f3b8418e-d9af-47c4-8055-7501488ad2aa,CUST1241,Login Issue,High,2025-03-25
7dd1e371-8566-44e8-8cc1-6419294c21e4,CUST1241,Loan Query,High,2025-11-02
c9e5061e-c5fb-436c-9dd7-5853690c711f,CUST1242,Fraud Concern,High,2025-03-05
955b737c-5cc2-4715-b196-d2e4feec544d,CUST1243,Loan Query,Medium,2025-08-28
86e382a2-28da-4fe2-ab66-6da69ecfc7d7,CUST1243,Fraud Concern,Medium,2025-05-19
4cc54df9-3c48-4aa1-a1a6-b9bed1825789,CUST1243,Login Issue,High,2025-11-05
4bb167c8-eef1-4d6e-b197-c945e7bc4981,CUST1244,Loan Query,Medium,2025-04-17
fae65d35-e909-44c5-842c-e9c78db2efd6,CUST1244,Fraud Concern,Low,2025-04-19
853704bd-c771-4a16-91f3-9d2a1a1a1d18,CUST1245,Payment Failure,Medium,2025-09-29
9745eb94-8f81-4ac2-8fb8-65d1acc4d852,CUST1245,Loan Query,Medium,2025-05-17
0db20bf3-c439-43ad-bcd5-aac076018dfc,CUST1245,Loan Query,Medium,2025-04-02
ce92291a-f1ca-49d4-a55b-532e433dbcd2,CUST1246,Login Issue,Medium,2025-11-19
7e5a6b7b-fa06-4813-b7dd-2c9c6ae7e08d,CUST1246,Loan Query,Low,2024-12-18
dcb6cd9a-0874-4ae4-a6a5-b286a9902c98,CUST1248,Login Issue,Low,2025-08-02
60f04be1-d64d-449a-88c1-dd2ec4079c64,CUST1248,Payment Failure,Low,2025-10-16
8afc700b-40e5-47bb-8b8e-e4d79bd12ef7,CUST1248,Login Issue,Medium,2025-05-02
3bb7629b-45cb-4455-849b-47913d42cb89,CUST1250,Loan Query,Low,2025-05-15
410d905b-dc6d-406e-9cc9-fdbf118c88c9,CUST1250,Payment Failure,Medium,2025-08-12
3793e09c-bd72-47b7-afe9-097632410129,CUST1252,Login Issue,Low,2025-09-07
6ba2548b-1162-4604-93cc-e4cbb7f08bd6,CUST1253,Loan Query,Medium,2025-09-29
7534c0d9-e64b-475f-add6-2e4f7ac1839e,CUST1254,Login Issue,High,2025-02-14
6eefbc0d-595d-4acb-96c2-a7e6c05e7f45,CUST1254,Payment Failure,Low,2025-07-17
7b6c7fc4-c615-43fc-928a-0b9dc8bbddc1,CUST1254,Payment Failure,High,2025-10-25
671de49a-66ce-4ae9-8009-7813830f8ed7,CUST1255,Loan Query,Medium,2025-10-09
e7aebc4d-1103-4edf-bb5f-db896430f0f6,CUST1255,Login Issue,Low,2025-12-01
a2e32aa9-8bdd-42b9-ac7e-d5ce178b8df5,CUST1256,Login Issue,High,2024-12-20
cf770487-0322-4e43-8221-626ca8e62a89,CUST1258,Fraud Concern,Medium,2025-01-19
95374d62-8de4-4369-8734-ec7b9d976fbb,CUST1258,Loan Query,Medium,2025-03-13
433a9319-c8a2-4754-8650-9abbdd0f31a2,CUST1260,Fraud Concern,Low,2025-09-22
d84578dd-07bd-47a6-8ce1-e3f9b62091b0,CUST1261,Payment Failure,Low,2025-06-28
730ed6e0-826a-4218-a9db-768c5f1283b1,CUST1261,Login Issue,High,2025-09-02
208c4c6c-8d2c-4336-99e6-6ea2af67d441,CUST1261,Login Issue,Low,2025-05-17
81d5026c-de76-4a04-86ca-52f583cb4a9e,CUST1262,Login Issue,High,2025-05-09
6efe9c4e-9a71-4ec3-a451-4d7833c4c7af,CUST1262,Payment Failure,Medium,2025-01-21
63e3fa6c-2448-4504-bf45-8104a2c24e6e,CUST1263,Fraud Concern,Low,2025-03-05
4db26705-a341-4d75-9577-6821e4dde57a,CUST1264,Fraud Concern,Medium,2025-08-07
d34346cd-99bf-4384-8c9f-63c817f495ae,CUST1265,Loan Query,Medium,2024-12-28
f1e20417-33a6-4891-9ba5-117cff7113ab,CUST1265,Fraud Concern,Medium,2024-12-25
e23d16cc-e064-4746-92a5-238b3eae5ad5,CUST1265,Login Issue,Medium,2024-12-23
edb582a0-a2e2-422f-b9c0-31c506ea0785,CUST1267,Fraud Concern,Low,2025-03-12
a18b8c2f-d880-4935-8b91-b866913e659d,CUST1268,Payment Failure,High,2025-11-23
350e54d5-a2c9-4dc2-a52d-38b582fc4a65,CUST1268,Fraud Concern,High,2025-08-26
e8210a3b-da11-4910-88d8-d16b2621be62,CUST1269,Fraud Concern,High,2025-09-09
5eebe5cd-8aa9-4790-967a-3745f5d78036,CUST1270,Payment Failure,Medium,2025-03-12
3e308341-423e-45ef-a3f8-0874e0e08b08,CUST1270,Loan Query,High,2025-01-05
ea051573-213e-43b4-89ba-6a8853ab6bf5,CUST1270,Login Issue,High,2025-09-26
7334b78a-4f7a-49b5-9c25-760971d91b18,CUST1271,Login Issue,Low,2025-03-18
4a144ce9-5710-403b-9083-13d2cb86336e,CUST1271,Payment Failure,Low,2025-08-13
a1298d33-7161-4cf9-9758-eae34c5c3310,CUST1272,Payment Failure,High,2025-01-24
585771e0-6f86-48aa-99f5-5f84dfa9f79c,CUST1273,Login Issue,Medium,2025-03-08
715e35f5-e1ec-4cd7-9e8f-2bc1cf029e47,CUST1273,Loan Query,Low,2025-08-23
8de06cff-84ee-446b-9633-46b4e75b8d67,CUST1273,Fraud Concern,High,2025-07-19
50f8d9ae-dbdb-4e5d-8b13-7bfe8c66588d,CUST1274,Fraud Concern,Low,2025-10-24
3d51e64a-9822-4677-b684-44c992de8bc2,CUST1275,Fraud Concern,Medium,2025-03-07
8cc73564-2fe2-4c71-a188-88bf1bcde3f8,CUST1276,Fraud Concern,High,2025-02-06
9942afbe-c917-41ac-81a2-b6df884a3057,CUST1277,Payment Failure,High,2025-08-09
df663935-ad62-4033-ab5f-3ed3ba403b5f,CUST1277,Loan Query,High,2025-09-28
219207c4-77e4-46fe-821f-11de05b0a283,CUST1279,Fraud Concern,High,2025-01-09
aacb72d9-b508-4482-8c3a-21397582f333,CUST1279,Payment Failure,Low,2025-12-01
f185d390-5e72-4127-a0fb-afcc31e1a5a7,CUST1279,Login Issue,Medium,2025-10-14
61c6cd61-b275-4d9e-8f1e-95007cb7cbaf,CUST1281,Loan Query,Low,2025-11-05
6d580fe3-10cb-4bf2-a2f3-15171cb09569,CUST1282,Payment Failure,Low,2025-03-30
8d8b7ce0-618c-4605-bfcb-c12c4ec36064,CUST1284,Login Issue,High,2025-04-19
2495d177-324c-42e4-bdb3-dae3938b38b9,CUST1284,Loan Query,High,2025-06-04
c70f9d2c-08e9-4db3-a3bc-b828c7835ceb,CUST1285,Login Issue,High,2025-08-24
7aac83e0-d621-474e-8c2d-eb97bf07be11,CUST1286,Fraud Concern,Low,2025-04-14
554dd81f-15f0-4107-abce-6526abe79efd,CUST1286,Login Issue,Medium,2025-09-30
e55d4d7e-c436-4010-a0bd-31f4ad38854d,CUST1286,Loan Query,Low,2025-04-24
e895299d-aeb9-415b-be04-013bb8da412a,CUST1287,Payment Failure,Low,2025-04-19
3e38b7c0-a8e8-4506-b10e-2a21e99d1c86,CUST1287,Loan Query,High,2025-08-07
1731baf8-2a1c-4750-a9ac-1ddf26f0dd2d,CUST1288,Fraud Concern,Medium,2025-11-22
a0d2f8f1-cd8a-41a3-b77c-a9d8624ac2f4,CUST1289,Payment Failure,Low,2025-05-23
6ec7a57a-699f-4acc-a9f9-cc7ef40e2db5,CUST1289,Payment Failure,High,2025-09-20
a02b9d4c-6b19-4c4c-9b49-ffd2c703b810,CUST1290,Payment Failure,Low,2025-08-29
83a45749-01b0-4364-b4e6-08d7e586f5c3,CUST1291,Loan Query,Medium,2025-09-08
e68eb174-96b5-4578-b7b3-6abcc3763bc5,CUST1291,Fraud Concern,Low,2025-10-23
78e3a2f1-c469-482b-befe-a945388a4d45,CUST1293,Loan Query,High,2025-02-18
7b9c413a-b54a-4f08-9bf2-10272588fda5,CUST1293,Loan Query,Low,2025-10-29
7aade880-7af3-4107-b6bf-0a2914d08d8a,CUST1293,Loan Query,Low,2025-04-01
daf5f2ba-0d5c-4c9f-9e26-6437f9372125,CUST1294,Fraud Concern,Low,2025-01-16
0c046fa2-48e1-4402-9963-e667fdfebd59,CUST1295,Login Issue,Low,2025-09-17
b45f2aee-9161-4a4f-962b-439e1c35a390,CUST1296,Login Issue,High,2025-01-18
eef3e341-629a-4511-98f8-5c5f51d1b09e,CUST1296,Loan Query,Low,2025-08-26
d141a5df-235e-42af-91ad-ae4dba00518d,CUST1297,Fraud Concern,Medium,2025-02-26
